-0.975,-0.975,0.35,0.054656659
-0.925,-0.975,0.35,0.054319674
-0.875,-0.975,0.35,0.053624492
-0.825,-0.975,0.35,0.052694054
-0.775,-0.975,0.35,0.051245546
-0.725,-0.975,0.35,0.049503665
-0.675,-0.975,0.35,0.047413598
-0.625,-0.975,0.35,0.044866329
-0.575,-0.975,0.35,0.041943615
-0.525,-0.975,0.35,0.038578587
-0.475,-0.975,0.35,0.034826034
-0.425,-0.975,0.35,0.030589893
-0.375,-0.975,0.35,0.025889298
-0.325,-0.975,0.35,0.020892148
-0.275,-0.975,0.35,0.015323734
-0.225,-0.975,0.35,0.009592614
-0.175,-0.975,0.35,0.003312094
-0.125,-0.975,0.35,-0.003075241
-0.075,-0.975,0.35,-0.009698569
-0.025,-0.975,0.35,-0.016423147
0.025,-0.975,0.35,-0.023206545
0.075,-0.975,0.35,-0.029889943
0.125,-0.975,0.35,-0.03652536
0.175,-0.975,0.35,-0.042934748
0.225,-0.975,0.35,-0.049202872
0.275,-0.975,0.35,-0.054910797
0.325,-0.975,0.35,-0.060511603
0.375,-0.975,0.35,-0.065467654
0.425,-0.975,0.35,-0.070240041
0.475,-0.975,0.35,-0.0743598
0.525,-0.975,0.35,-0.078164502
0.575,-0.975,0.35,-0.081583957
0.625,-0.975,0.35,-0.084421905
0.675,-0.975,0.35,-0.087107519
0.725,-0.975,0.35,-0.089171979
0.775,-0.975,0.35,-0.090929474
0.825,-0.975,0.35,-0.092343239
0.875,-0.975,0.35,-0.093237282
0.925,-0.975,0.35,-0.093990753
0.975,-0.975,0.35,-0.094320065
-0.975,-0.925,0.35,0.054988243
-0.925,-0.925,0.35,0.054736755
-0.875,-0.925,0.35,0.054031278
-0.825,-0.925,0.35,0.052946768
-0.775,-0.925,0.35,0.051549651
-0.725,-0.925,0.35,0.049911074
-0.675,-0.925,0.35,0.047838934
-0.625,-0.925,0.35,0.045261843
-0.575,-0.925,0.35,0.042339853
-0.525,-0.925,0.35,0.039174707
-0.475,-0.925,0.35,0.035201305
-0.425,-0.925,0.35,0.03091217
-0.375,-0.925,0.35,0.026284368
-0.325,-0.925,0.35,0.021178058
-0.275,-0.925,0.35,0.015615669
-0.225,-0.925,0.35,0.009784566
-0.175,-0.925,0.35,0.003614419
-0.125,-0.925,0.35,-0.002870605
-0.075,-0.925,0.35,-0.009577843
-0.025,-0.925,0.35,-0.016400676
0.025,-0.925,0.35,-0.023191828
0.075,-0.925,0.35,-0.030073664
0.125,-0.925,0.35,-0.036703025
0.175,-0.925,0.35,-0.043240763
0.225,-0.925,0.35,-0.049388801
0.275,-0.925,0.35,-0.055256175
0.325,-0.925,0.35,-0.060796178
0.375,-0.925,0.35,-0.065946087
0.425,-0.925,0.35,-0.07057482
0.475,-0.925,0.35,-0.074942274
0.525,-0.925,0.35,-0.078553373
0.575,-0.925,0.35,-0.082101201
0.625,-0.925,0.35,-0.0848129
0.675,-0.925,0.35,-0.08754692
0.725,-0.925,0.35,-0.089531983
0.775,-0.925,0.35,-0.091332743
0.825,-0.925,0.35,-0.092653463
0.875,-0.925,0.35,-0.093641557
0.925,-0.925,0.35,-0.094343817
0.975,-0.925,0.35,-0.094609796
-0.975,-0.875,0.35,0.055625135
-0.925,-0.875,0.35,0.05519936
-0.875,-0.875,0.35,0.054750721
-0.825,-0.875,0.35,0.053747075
-0.775,-0.875,0.35,0.05233243
-0.725,-0.875,0.35,0.050711067
-0.675,-0.875,0.35,0.048589653
-0.625,-0.875,0.35,0.046045167
-0.575,-0.875,0.35,0.043236306
-0.525,-0.875,0.35,0.039837542
-0.475,-0.875,0.35,0.035926004
-0.425,-0.875,0.35,0.031840987
-0.375,-0.875,0.35,0.027251307
-0.325,-0.875,0.35,0.022123894
-0.275,-0.875,0.35,0.016407825
-0.225,-0.875,0.35,0.010419831
-0.175,-0.875,0.35,0.004027845
-0.125,-0.875,0.35,-0.002444265
-0.075,-0.875,0.35,-0.00941954
-0.025,-0.875,0.35,-0.016290773
0.025,-0.875,0.35,-0.023415448
0.075,-0.875,0.35,-0.030334392
0.125,-0.875,0.35,-0.037068295
0.175,-0.875,0.35,-0.043717566
0.225,-0.875,0.35,-0.050124598
0.275,-0.875,0.35,-0.056142357
0.325,-0.875,0.35,-0.0617248
0.375,-0.875,0.35,-0.066677026
0.425,-0.875,0.35,-0.071530958
0.475,-0.875,0.35,-0.075744073
0.525,-0.875,0.35,-0.079534436
0.575,-0.875,0.35,-0.082924374
0.625,-0.875,0.35,-0.085722167
0.675,-0.875,0.35,-0.088352282
0.725,-0.875,0.35,-0.090354385
0.775,-0.875,0.35,-0.092028186
0.825,-0.875,0.35,-0.093398733
0.875,-0.875,0.35,-0.09435275
0.925,-0.875,0.35,-0.09495685
0.975,-0.875,0.35,-0.095341883
-0.975,-0.825,0.35,0.056650386
-0.925,-0.825,0.35,0.056337836
-0.875,-0.825,0.35,0.055647404
-0.825,-0.825,0.35,0.054749971
-0.775,-0.825,0.35,0.053524979
-0.725,-0.825,0.35,0.051929436
-0.675,-0.825,0.35,0.049745076
-0.625,-0.825,0.35,0.047323296
-0.575,-0.825,0.35,0.044536394
-0.525,-0.825,0.35,0.0411915
-0.475,-0.825,0.35,0.037507592
-0.425,-0.825,0.35,0.033243698
-0.375,-0.825,0.35,0.028399141
-0.325,-0.825,0.35,0.023208311
-0.275,-0.825,0.35,0.017542611
-0.225,-0.825,0.35,0.011429577
-0.175,-0.825,0.35,0.004965886
-0.125,-0.825,0.35,-0.001947235
-0.075,-0.825,0.35,-0.009021376
-0.025,-0.825,0.35,-0.016116781
0.025,-0.825,0.35,-0.023509969
0.075,-0.825,0.35,-0.03071523
0.125,-0.825,0.35,-0.037740452
0.175,-0.825,0.35,-0.044570137
0.225,-0.825,0.35,-0.05128789
0.275,-0.825,0.35,-0.05714064
0.325,-0.825,0.35,-0.062999353
0.375,-0.825,0.35,-0.068036444
0.425,-0.825,0.35,-0.07296575
0.475,-0.825,0.35,-0.077179519
0.525,-0.825,0.35,-0.080919936
0.575,-0.825,0.35,-0.084200577
0.625,-0.825,0.35,-0.087020185
0.675,-0.825,0.35,-0.089478277
0.725,-0.825,0.35,-0.091478284
0.775,-0.825,0.35,-0.093119546
0.825,-0.825,0.35,-0.094390251
0.875,-0.825,0.35,-0.095382921
0.925,-0.825,0.35,-0.096042289
0.975,-0.825,0.35,-0.096287794
-0.975,-0.775,0.35,0.057893441
-0.925,-0.775,0.35,0.0576175
-0.875,-0.775,0.35,0.056929468
-0.825,-0.775,0.35,0.056129343
-0.775,-0.775,0.35,0.054881099
-0.725,-0.775,0.35,0.053427114
-0.675,-0.775,0.35,0.051406712
-0.625,-0.775,0.35,0.049255439
-0.575,-0.775,0.35,0.046243478
-0.525,-0.775,0.35,0.042977639
-0.475,-0.775,0.35,0.039275192
-0.425,-0.775,0.35,0.035088011
-0.375,-0.775,0.35,0.030214405
-0.325,-0.775,0.35,0.024799895
-0.275,-0.775,0.35,0.019158885
-0.225,-0.775,0.35,0.012816661
-0.175,-0.775,0.35,0.005975987
-0.125,-0.775,0.35,-9.96E-04
-0.075,-0.775,0.35,-0.008414717
-0.025,-0.775,0.35,-0.015942933
0.025,-0.775,0.35,-0.023591921
0.075,-0.775,0.35,-0.031322632
0.125,-0.775,0.35,-0.038831585
0.175,-0.775,0.35,-0.045627331
0.225,-0.775,0.35,-0.052615528
0.275,-0.775,0.35,-0.058956614
0.325,-0.775,0.35,-0.06468547
0.375,-0.775,0.35,-0.069899446
0.425,-0.775,0.35,-0.074610589
0.475,-0.775,0.35,-0.078853607
0.525,-0.775,0.35,-0.082689633
0.575,-0.775,0.35,-0.085966685
0.625,-0.775,0.35,-0.088680955
0.675,-0.775,0.35,-0.091154977
0.725,-0.775,0.35,-0.092981944
0.775,-0.775,0.35,-0.094592058
0.825,-0.775,0.35,-0.095912639
0.875,-0.775,0.35,-0.096715685
0.925,-0.775,0.35,-0.097342625
0.975,-0.775,0.35,-0.097560307
-0.975,-0.725,0.35,0.059527136
-0.925,-0.725,0.35,0.059253908
-0.875,-0.725,0.35,0.058694935
-0.825,-0.725,0.35,0.057922927
-0.775,-0.725,0.35,0.056752111
-0.725,-0.725,0.35,0.05515089
-0.675,-0.725,0.35,0.05339445
-0.625,-0.725,0.35,0.051111443
-0.575,-0.725,0.35,0.048340248
-0.525,-0.725,0.35,0.045411815
-0.475,-0.725,0.35,0.041560219
-0.425,-0.725,0.35,0.037424011
-0.375,-0.725,0.35,0.032778736
-0.325,-0.725,0.35,0.027200306
-0.275,-0.725,0.35,0.021255443
-0.225,-0.725,0.35,0.014829487
-0.175,-0.725,0.35,0.007556549
-0.125,-0.725,0.35,2.28E-04
-0.075,-0.725,0.35,-0.007644967
-0.025,-0.725,0.35,-0.01580779
0.025,-0.725,0.35,-0.02384669
0.075,-0.725,0.35,-0.031993059
0.125,-0.725,0.35,-0.039810508
0.175,-0.725,0.35,-0.047121375
0.225,-0.725,0.35,-0.054309354
0.275,-0.725,0.35,-0.060788567
0.325,-0.725,0.35,-0.066801769
0.375,-0.725,0.35,-0.072355098
0.425,-0.725,0.35,-0.077205517
0.475,-0.725,0.35,-0.081302639
0.525,-0.725,0.35,-0.084941942
0.575,-0.725,0.35,-0.088087868
0.625,-0.725,0.35,-0.090750691
0.675,-0.725,0.35,-0.093151716
0.725,-0.725,0.35,-0.094733548
0.775,-0.725,0.35,-0.096428224
0.825,-0.725,0.35,-0.097528601
0.875,-0.725,0.35,-0.098360794
0.925,-0.725,0.35,-0.098980315
0.975,-0.725,0.35,-0.099189723
-0.975,-0.675,0.35,0.061345974
-0.925,-0.675,0.35,0.061137189
-0.875,-0.675,0.35,0.060686708
-0.825,-0.675,0.35,0.059872176
-0.775,-0.675,0.35,0.058773892
-0.725,-0.675,0.35,0.05739254
-0.675,-0.675,0.35,0.055760252
-0.625,-0.675,0.35,0.053761632
-0.575,-0.675,0.35,0.051119345
-0.525,-0.675,0.35,0.048025171
-0.475,-0.675,0.35,0.04448493
-0.425,-0.675,0.35,0.040386513
-0.375,-0.675,0.35,0.035486387
-0.325,-0.675,0.35,0.030169039
-0.275,-0.675,0.35,0.023788198
-0.225,-0.675,0.35,0.017045061
-0.175,-0.675,0.35,0.009769576
-0.125,-0.675,0.35,0.001491361
-0.075,-0.675,0.35,-0.006712461
-0.025,-0.675,0.35,-0.015465044
0.025,-0.675,0.35,-0.024169256
0.075,-0.675,0.35,-0.032742452
0.125,-0.675,0.35,-0.041093541
0.175,-0.675,0.35,-0.049224346
0.225,-0.675,0.35,-0.056678643
0.275,-0.675,0.35,-0.063404241
0.325,-0.675,0.35,-0.069680328
0.375,-0.675,0.35,-0.075361826
0.425,-0.675,0.35,-0.080102518
0.475,-0.675,0.35,-0.08412281
0.525,-0.675,0.35,-0.087921711
0.575,-0.675,0.35,-0.090800299
0.625,-0.675,0.35,-0.093408789
0.675,-0.675,0.35,-0.095340422
0.725,-0.675,0.35,-0.097110271
0.775,-0.675,0.35,-0.098577495
0.825,-0.675,0.35,-0.099607019
0.875,-0.675,0.35,-0.100389385
0.925,-0.675,0.35,-0.100893833
0.975,-0.675,0.35,-0.101023458
-0.975,-0.625,0.35,0.063445826
-0.925,-0.625,0.35,0.063281608
-0.875,-0.625,0.35,0.062839733
-0.825,-0.625,0.35,0.062213742
-0.775,-0.625,0.35,0.061261609
-0.725,-0.625,0.35,0.060081919
-0.675,-0.625,0.35,0.058583801
-0.625,-0.625,0.35,0.056520672
-0.575,-0.625,0.35,0.05419112
-0.525,-0.625,0.35,0.051424559
-0.475,-0.625,0.35,0.047868006
-0.425,-0.625,0.35,0.043943543
-0.375,-0.625,0.35,0.038978247
-0.325,-0.625,0.35,0.033609879
-0.275,-0.625,0.35,0.027011386
-0.225,-0.625,0.35,0.019758759
-0.175,-0.625,0.35,0.012082047
-0.125,-0.625,0.35,0.003369534
-0.075,-0.625,0.35,-0.005655646
-0.025,-0.625,0.35,-0.01493635
0.025,-0.625,0.35,-0.024575613
0.075,-0.625,0.35,-0.034097951
0.125,-0.625,0.35,-0.042902108
0.175,-0.625,0.35,-0.051733558
0.225,-0.625,0.35,-0.05964971
0.275,-0.625,0.35,-0.066841835
0.325,-0.625,0.35,-0.073096819
0.375,-0.625,0.35,-0.078876576
0.425,-0.625,0.35,-0.083409635
0.475,-0.625,0.35,-0.087622713
0.525,-0.625,0.35,-0.091307185
0.575,-0.625,0.35,-0.09399136
0.625,-0.625,0.35,-0.096253874
0.675,-0.625,0.35,-0.098331187
0.725,-0.625,0.35,-0.099828042
0.775,-0.625,0.35,-0.101009553
0.825,-0.625,0.35,-0.101884725
0.875,-0.625,0.35,-0.102502781
0.925,-0.625,0.35,-0.103038541
0.975,-0.625,0.35,-0.103147332
-0.975,-0.575,0.35,0.065782834
-0.925,-0.575,0.35,0.065609113
-0.875,-0.575,0.35,0.065261379
-0.825,-0.575,0.35,0.064814642
-0.775,-0.575,0.35,0.06401147
-0.725,-0.575,0.35,0.062992342
-0.675,-0.575,0.35,0.061866559
-0.625,-0.575,0.35,0.060139658
-0.575,-0.575,0.35,0.058364632
-0.525,-0.575,0.35,0.0555964
-0.475,-0.575,0.35,0.052388733
-0.425,-0.575,0.35,0.04838854
-0.375,-0.575,0.35,0.043378922
-0.325,-0.575,0.35,0.037676197
-0.275,-0.575,0.35,0.031121934
-0.225,-0.575,0.35,0.023298974
-0.175,-0.575,0.35,0.015093864
-0.125,-0.575,0.35,0.006110727
-0.075,-0.575,0.35,-0.004366245
-0.025,-0.575,0.35,-0.01441846
0.025,-0.575,0.35,-0.025231662
0.075,-0.575,0.35,-0.035386555
0.125,-0.575,0.35,-0.045731618
0.175,-0.575,0.35,-0.054831412
0.225,-0.575,0.35,-0.063008359
0.275,-0.575,0.35,-0.07097248
0.325,-0.575,0.35,-0.077467054
0.375,-0.575,0.35,-0.083549204
0.425,-0.575,0.35,-0.088135129
0.475,-0.575,0.35,-0.091924508
0.525,-0.575,0.35,-0.09524168
0.575,-0.575,0.35,-0.097636575
0.625,-0.575,0.35,-0.099773225
0.675,-0.575,0.35,-0.101325656
0.725,-0.575,0.35,-0.102583021
0.775,-0.575,0.35,-0.103648553
0.825,-0.575,0.35,-0.10445445
0.875,-0.575,0.35,-0.104986601
0.925,-0.575,0.35,-0.105335239
0.975,-0.575,0.35,-0.10548892
-0.975,-0.525,0.35,0.068228844
-0.925,-0.525,0.35,0.068149114
-0.875,-0.525,0.35,0.067906979
-0.825,-0.525,0.35,0.067587832
-0.775,-0.525,0.35,0.06703468
-0.725,-0.525,0.35,0.066299108
-0.675,-0.525,0.35,0.065176128
-0.625,-0.525,0.35,0.063945151
-0.575,-0.525,0.35,0.062183987
-0.525,-0.525,0.35,0.059899727
-0.475,-0.525,0.35,0.056891286
-0.425,-0.525,0.35,0.053404884
-0.375,-0.525,0.35,0.048897908
-0.325,-0.525,0.35,0.043296357
-0.275,-0.525,0.35,0.036526328
-0.225,-0.525,0.35,0.028724859
-0.175,-0.525,0.35,0.01901934
-0.125,-0.525,0.35,0.008746051
-0.075,-0.525,0.35,-0.002260286
-0.025,-0.525,0.35,-0.013927787
0.025,-0.525,0.35,-0.025565348
0.075,-0.525,0.35,-0.037668314
0.125,-0.525,0.35,-0.049154817
0.175,-0.525,0.35,-0.059011051
0.225,-0.525,0.35,-0.067786667
0.275,-0.525,0.35,-0.075730893
0.325,-0.525,0.35,-0.082933883
0.375,-0.525,0.35,-0.088489917
0.425,-0.525,0.35,-0.09315494
0.475,-0.525,0.35,-0.096780599
0.525,-0.525,0.35,-0.099736331
0.575,-0.525,0.35,-0.101897281
0.625,-0.525,0.35,-0.103506935
0.675,-0.525,0.35,-0.105109751
0.725,-0.525,0.35,-0.105838776
0.775,-0.525,0.35,-0.106818872
0.825,-0.525,0.35,-0.10725215
0.875,-0.525,0.35,-0.107639167
0.925,-0.525,0.35,-0.107904657
0.975,-0.525,0.35,-0.107974422
-0.975,-0.475,0.35,0.07086895
-0.925,-0.475,0.35,0.070783874
-0.875,-0.475,0.35,0.070691744
-0.825,-0.475,0.35,0.070485707
-0.775,-0.475,0.35,0.070119265
-0.725,-0.475,0.35,0.069838827
-0.675,-0.475,0.35,0.069109541
-0.625,-0.475,0.35,0.068323609
-0.575,-0.475,0.35,0.066956747
-0.525,-0.475,0.35,0.065290787
-0.475,-0.475,0.35,0.063169771
-0.425,-0.475,0.35,0.059553415
-0.375,-0.475,0.35,0.055214001
-0.325,-0.475,0.35,0.049437231
-0.275,-0.475,0.35,0.042561291
-0.225,-0.475,0.35,0.034579394
-0.175,-0.475,0.35,0.024251951
-0.125,-0.475,0.35,0.013028054
-0.075,-0.475,0.35,1.99E-04
-0.025,-0.475,0.35,-0.012552425
0.025,-0.475,0.35,-0.026378974
0.075,-0.475,0.35,-0.039877529
0.125,-0.475,0.35,-0.052452357
0.175,-0.475,0.35,-0.064419301
0.225,-0.475,0.35,-0.074112999
0.275,-0.475,0.35,-0.082537747
0.325,-0.475,0.35,-0.089535624
0.375,-0.475,0.35,-0.094768697
0.425,-0.475,0.35,-0.099149487
0.475,-0.475,0.35,-0.10251433
0.525,-0.475,0.35,-0.105000265
0.575,-0.475,0.35,-0.106637306
0.625,-0.475,0.35,-0.107745465
0.675,-0.475,0.35,-0.108824842
0.725,-0.475,0.35,-0.109366597
0.775,-0.475,0.35,-0.109886946
0.825,-0.475,0.35,-0.110172634
0.875,-0.475,0.35,-0.110406775
0.925,-0.475,0.35,-0.110508914
0.975,-0.475,0.35,-0.110564894
-0.975,-0.425,0.35,0.073483551
-0.925,-0.425,0.35,0.073499872
-0.875,-0.425,0.35,0.073530797
-0.825,-0.425,0.35,0.073571715
-0.775,-0.425,0.35,0.07347536
-0.725,-0.425,0.35,0.073403811
-0.675,-0.425,0.35,0.073269094
-0.625,-0.425,0.35,0.072835662
-0.575,-0.425,0.35,0.072178504
-0.525,-0.425,0.35,0.07103073
-0.475,-0.425,0.35,0.069177132
-0.425,-0.425,0.35,0.066519745
-0.375,-0.425,0.35,0.06284458
-0.325,-0.425,0.35,0.058239172
-0.275,-0.425,0.35,0.050159755
-0.225,-0.425,0.35,0.042402263
-0.175,-0.425,0.35,0.030015115
-0.125,-0.425,0.35,0.018239023
-0.075,-0.425,0.35,0.003701483
-0.025,-0.425,0.35,-0.011650818
0.025,-0.425,0.35,-0.027401971
0.075,-0.425,0.35,-0.043100749
0.125,-0.425,0.35,-0.057320937
0.175,-0.425,0.35,-0.069996613
0.225,-0.425,0.35,-0.081725891
0.275,-0.425,0.35,-0.090382073
0.325,-0.425,0.35,-0.09716395
0.375,-0.425,0.35,-0.102417032
0.425,-0.425,0.35,-0.106478906
0.475,-0.425,0.35,-0.10912299
0.525,-0.425,0.35,-0.11051003
0.575,-0.425,0.35,-0.112054948
0.625,-0.425,0.35,-0.112404274
0.675,-0.425,0.35,-0.112963376
0.725,-0.425,0.35,-0.113235675
0.775,-0.425,0.35,-0.113277262
0.825,-0.425,0.35,-0.113280796
0.875,-0.425,0.35,-0.11323389
0.925,-0.425,0.35,-0.113214843
0.975,-0.425,0.35,-0.113220462
-0.975,-0.375,0.35,0.076093872
-0.925,-0.375,0.35,0.076175333
-0.875,-0.375,0.35,0.0763806
-0.825,-0.375,0.35,0.076572702
-0.775,-0.375,0.35,0.077022591
-0.725,-0.375,0.35,0.077323119
-0.675,-0.375,0.35,0.077489408
-0.625,-0.375,0.35,0.077486584
-0.575,-0.375,0.35,0.077857942
-0.525,-0.375,0.35,0.077640389
-0.475,-0.375,0.35,0.077016437
-0.425,-0.375,0.35,0.075300822
-0.375,-0.375,0.35,0.072019485
-0.325,-0.375,0.35,0.067647259
-0.275,-0.375,0.35,0.060545396
-0.225,-0.375,0.35,0.051720113
-0.175,-0.375,0.35,0.039413166
-0.125,-0.375,0.35,0.025008279
-0.075,-0.375,0.35,0.008390646
-0.025,-0.375,0.35,-0.009622259
0.025,-0.375,0.35,-0.029383252
0.075,-0.375,0.35,-0.046799584
0.125,-0.375,0.35,-0.064063373
0.175,-0.375,0.35,-0.078078534
0.225,-0.375,0.35,-0.090325908
0.275,-0.375,0.35,-0.100394064
0.325,-0.375,0.35,-0.106729418
0.375,-0.375,0.35,-0.111472055
0.425,-0.375,0.35,-0.114742765
0.475,-0.375,0.35,-0.116070749
0.525,-0.375,0.35,-0.117261749
0.575,-0.375,0.35,-0.117303311
0.625,-0.375,0.35,-0.117559465
0.675,-0.375,0.35,-0.117171202
0.725,-0.375,0.35,-0.117030851
0.775,-0.375,0.35,-0.116635003
0.825,-0.375,0.35,-0.11635429
0.875,-0.375,0.35,-0.116103459
0.925,-0.375,0.35,-0.115928175
0.975,-0.375,0.35,-0.115815341
-0.975,-0.325,0.35,0.078651351
-0.925,-0.325,0.35,0.07876
-0.875,-0.325,0.35,0.079198761
-0.825,-0.325,0.35,0.079681523
-0.775,-0.325,0.35,0.080233054
-0.725,-0.325,0.35,0.081149843
-0.675,-0.325,0.35,0.082132907
-0.625,-0.325,0.35,0.082835584
-0.575,-0.325,0.35,0.083590316
-0.525,-0.325,0.35,0.084563204
-0.475,-0.325,0.35,0.084946352
-0.425,-0.325,0.35,0.083886615
-0.375,-0.325,0.35,0.082590469
-0.325,-0.325,0.35,0.080759424
-0.275,-0.325,0.35,0.07397575
-0.225,-0.325,0.35,0.063056553
-0.175,-0.325,0.35,0.050423799
-0.125,-0.325,0.35,0.033226986
-0.075,-0.325,0.35,0.013746794
-0.025,-0.325,0.35,-0.009639616
0.025,-0.325,0.35,-0.029925817
0.075,-0.325,0.35,-0.053891238
0.125,-0.325,0.35,-0.07300154
0.175,-0.325,0.35,-0.089944541
0.225,-0.325,0.35,-0.103905965
0.275,-0.325,0.35,-0.113741622
0.325,-0.325,0.35,-0.119441263
0.375,-0.325,0.35,-0.122172293
0.425,-0.325,0.35,-0.124561974
0.475,-0.325,0.35,-0.124614083
0.525,-0.325,0.35,-0.124177991
0.575,-0.325,0.35,-0.123640386
0.625,-0.325,0.35,-0.122549139
0.675,-0.325,0.35,-0.12176481
0.725,-0.325,0.35,-0.12082474
0.775,-0.325,0.35,-0.120085156
0.825,-0.325,0.35,-0.119319707
0.875,-0.325,0.35,-0.118883755
0.925,-0.325,0.35,-0.118557041
0.975,-0.325,0.35,-0.118429519
-0.975,-0.275,0.35,0.080945305
-0.925,-0.275,0.35,0.081268551
-0.875,-0.275,0.35,0.081779779
-0.825,-0.275,0.35,0.082611567
-0.775,-0.275,0.35,0.083533117
-0.725,-0.275,0.35,0.084678917
-0.675,-0.275,0.35,0.086206011
-0.625,-0.275,0.35,0.087864471
-0.575,-0.275,0.35,0.090318104
-0.525,-0.275,0.35,0.091863256
-0.475,-0.275,0.35,0.094113661
-0.425,-0.275,0.35,0.096019755
-0.375,-0.275,0.35,0.096184412
-0.325,-0.275,0.35,0.095922305
-0.275,-0.275,0.35,0.090169167
-0.225,-0.275,0.35,0.079506887
-0.175,-0.275,0.35,0.065542057
-0.125,-0.275,0.35,0.04560724
-0.075,-0.275,0.35,0.019453391
-0.025,-0.275,0.35,-0.005131888
0.025,-0.275,0.35,-0.034663728
0.075,-0.275,0.35,-0.062116717
0.125,-0.275,0.35,-0.084785277
0.175,-0.275,0.35,-0.103543024
0.225,-0.275,0.35,-0.120653042
0.275,-0.275,0.35,-0.129734634
0.325,-0.275,0.35,-0.135472698
0.375,-0.275,0.35,-0.135974174
0.425,-0.275,0.35,-0.135679236
0.475,-0.275,0.35,-0.133783848
0.525,-0.275,0.35,-0.131896543
0.575,-0.275,0.35,-0.129674004
0.625,-0.275,0.35,-0.127654502
0.675,-0.275,0.35,-0.126167955
0.725,-0.275,0.35,-0.124594431
0.775,-0.275,0.35,-0.123144519
0.825,-0.275,0.35,-0.122180662
0.875,-0.275,0.35,-0.12150158
0.925,-0.275,0.35,-0.121071507
0.975,-0.275,0.35,-0.12074022
-0.975,-0.225,0.35,0.083177116
-0.925,-0.225,0.35,0.08339184
-0.875,-0.225,0.35,0.084103373
-0.825,-0.225,0.35,0.085160064
-0.775,-0.225,0.35,0.08652673
-0.725,-0.225,0.35,0.088330531
-0.675,-0.225,0.35,0.090375537
-0.625,-0.225,0.35,0.093448401
-0.575,-0.225,0.35,0.096103874
-0.525,-0.225,0.35,0.099834266
-0.475,-0.225,0.35,0.103594529
-0.425,-0.225,0.35,0.107818332
-0.375,-0.225,0.35,0.112805269
-0.325,-0.225,0.35,0.113184002
-0.275,-0.225,0.35,0.111959986
-0.225,-0.225,0.35,0.101874766
-0.175,-0.225,0.35,0.086050334
-0.125,-0.225,0.35,0.061002527
-0.075,-0.225,0.35,0.031513777
-0.025,-0.225,0.35,-0.002084817
0.025,-0.225,0.35,-0.038128322
0.075,-0.225,0.35,-0.069136175
0.125,-0.225,0.35,-0.101671196
0.175,-0.225,0.35,-0.124594169
0.225,-0.225,0.35,-0.141661777
0.275,-0.225,0.35,-0.148975569
0.325,-0.225,0.35,-0.151870059
0.375,-0.225,0.35,-0.150053326
0.425,-0.225,0.35,-0.148310383
0.475,-0.225,0.35,-0.14360254
0.525,-0.225,0.35,-0.139182035
0.575,-0.225,0.35,-0.136208176
0.625,-0.225,0.35,-0.132521735
0.675,-0.225,0.35,-0.130034311
0.725,-0.225,0.35,-0.128142042
0.775,-0.225,0.35,-0.126289469
0.825,-0.225,0.35,-0.124812935
0.875,-0.225,0.35,-0.123843946
0.925,-0.225,0.35,-0.123119158
0.975,-0.225,0.35,-0.122918034
-0.975,-0.175,0.35,0.084874057
-0.925,-0.175,0.35,0.085227941
-0.875,-0.175,0.35,0.086159229
-0.825,-0.175,0.35,0.087319328
-0.775,-0.175,0.35,0.089131685
-0.725,-0.175,0.35,0.091469135
-0.675,-0.175,0.35,0.094107978
-0.625,-0.175,0.35,0.097591392
-0.575,-0.175,0.35,0.101879739
-0.525,-0.175,0.35,0.107308778
-0.475,-0.175,0.35,0.113428211
-0.425,-0.175,0.35,0.120181887
-0.375,-0.175,0.35,0.127395786
-0.325,-0.175,0.35,0.134228908
-0.275,-0.175,0.35,0.136723198
-0.225,-0.175,0.35,0.132014675
-0.175,-0.175,0.35,0.113079776
-0.125,-0.175,0.35,0.084049839
-0.075,-0.175,0.35,0.077915286
-0.025,-0.175,0.35,0.012511878
0.025,-0.175,0.35,-0.060055509
0.075,-0.175,0.35,-0.101693896
0.125,-0.175,0.35,-0.124278945
0.175,-0.175,0.35,-0.153588203
0.225,-0.175,0.35,-0.172202879
0.275,-0.175,0.35,-0.17834202
0.325,-0.175,0.35,-0.172890499
0.375,-0.175,0.35,-0.169489916
0.425,-0.175,0.35,-0.158795988
0.475,-0.175,0.35,-0.153198787
0.525,-0.175,0.35,-0.146918833
0.575,-0.175,0.35,-0.141637187
0.625,-0.175,0.35,-0.137513484
0.675,-0.175,0.35,-0.133832194
0.725,-0.175,0.35,-0.130990667
0.775,-0.175,0.35,-0.128782217
0.825,-0.175,0.35,-0.126937071
0.875,-0.175,0.35,-0.125829252
0.925,-0.175,0.35,-0.125075867
0.975,-0.175,0.35,-0.124614147
-0.975,-0.125,0.35,0.086396366
-0.925,-0.125,0.35,0.086683174
-0.875,-0.125,0.35,0.087626623
-0.825,-0.125,0.35,0.089078145
-0.775,-0.125,0.35,0.091114131
-0.725,-0.125,0.35,0.093818317
-0.675,-0.125,0.35,0.097167574
-0.625,-0.125,0.35,0.10119546
-0.575,-0.125,0.35,0.107223903
-0.525,-0.125,0.35,0.113148566
-0.475,-0.125,0.35,0.122162621
-0.425,-0.125,0.35,0.131168397
-0.375,-0.125,0.35,0.145934077
-0.325,-0.125,0.35,0.16003638
-0.275,-0.125,0.35,0.172909002
-0.225,-0.125,0.35,0.176274688
-0.175,-0.125,0.35,0.155963549
-0.125,-0.125,0.35,0.244313448
-0.075,-0.125,0.35,0.231159307
-0.025,-0.125,0.35,0.072978708
0.025,-0.125,0.35,-0.128387823
0.075,-0.125,0.35,-0.256659433
0.125,-0.125,0.35,-0.282233226
0.175,-0.125,0.35,-0.194955575
0.225,-0.125,0.35,-0.215270636
0.275,-0.125,0.35,-0.212553547
0.325,-0.125,0.35,-0.200889388
0.375,-0.125,0.35,-0.183614422
0.425,-0.125,0.35,-0.171599699
0.475,-0.125,0.35,-0.161805768
0.525,-0.125,0.35,-0.153544345
0.575,-0.125,0.35,-0.145850186
0.625,-0.125,0.35,-0.141104598
0.675,-0.125,0.35,-0.136988056
0.725,-0.125,0.35,-0.133588646
0.775,-0.125,0.35,-0.13094222
0.825,-0.125,0.35,-0.12902964
0.875,-0.125,0.35,-0.127604501
0.925,-0.125,0.35,-0.126583665
0.975,-0.125,0.35,-0.126201756
-0.975,-0.075,0.35,0.087349588
-0.925,-0.075,0.35,0.08791959
-0.875,-0.075,0.35,0.088927944
-0.825,-0.075,0.35,0.090144325
-0.775,-0.075,0.35,0.09241009
-0.725,-0.075,0.35,0.095729056
-0.675,-0.075,0.35,0.099352881
-0.625,-0.075,0.35,0.104033735
-0.575,-0.075,0.35,0.1102267
-0.525,-0.075,0.35,0.117588296
-0.475,-0.075,0.35,0.128944511
-0.425,-0.075,0.35,0.141820015
-0.375,-0.075,0.35,0.161021763
-0.325,-0.075,0.35,0.186124887
-0.275,-0.075,0.35,0.215794143
-0.225,-0.075,0.35,0.24088031
-0.175,-0.075,0.35,0.383098006
-0.125,-0.075,0.35,0.610331563
-0.075,-0.075,0.35,0.481957923
-0.025,-0.075,0.35,0.174235699
0.025,-0.075,0.35,-0.207441464
0.075,-0.075,0.35,-0.531602596
0.125,-0.075,0.35,-0.667657154
0.175,-0.075,0.35,-0.416126699
0.225,-0.075,0.35,-0.281931814
0.275,-0.075,0.35,-0.254825452
0.325,-0.075,0.35,-0.223412483
0.375,-0.075,0.35,-0.201284408
0.425,-0.075,0.35,-0.181594317
0.475,-0.075,0.35,-0.168705987
0.525,-0.075,0.35,-0.158194759
0.575,-0.075,0.35,-0.149797106
0.625,-0.075,0.35,-0.143668037
0.675,-0.075,0.35,-0.139241259
0.725,-0.075,0.35,-0.135215629
0.775,-0.075,0.35,-0.132181442
0.825,-0.075,0.35,-0.130010627
0.875,-0.075,0.35,-0.128580828
0.925,-0.075,0.35,-0.12750652
0.975,-0.075,0.35,-0.127102085
-0.975,-0.025,0.35,0.087913678
-0.925,-0.025,0.35,0.088159321
-0.875,-0.025,0.35,0.089381686
-0.825,-0.025,0.35,0.091161558
-0.775,-0.025,0.35,0.09330488
-0.725,-0.025,0.35,0.096430499
-0.675,-0.025,0.35,0.100306943
-0.625,-0.025,0.35,0.105465209
-0.575,-0.025,0.35,0.112244021
-0.525,-0.025,0.35,0.120228485
-0.475,-0.025,0.35,0.133054847
-0.425,-0.025,0.35,0.148206958
-0.375,-0.025,0.35,0.169174494
-0.325,-0.025,0.35,0.204943501
-0.275,-0.025,0.35,0.251771099
-0.225,-0.025,0.35,0.324366179
-0.175,-0.025,0.35,0.75999962
-0.125,-0.025,0.35,0.759999798
-0.075,-0.025,0.35,0.759999778
-0.025,-0.025,0.35,0.267667388
0.025,-0.025,0.35,-0.307535228
0.075,-0.025,0.35,-0.798439591
0.125,-0.025,0.35,-0.798439567
0.175,-0.025,0.35,-0.798439692
0.225,-0.025,0.35,-0.359910722
0.275,-0.025,0.35,-0.291302917
0.325,-0.025,0.35,-0.242206206
0.375,-0.025,0.35,-0.208961516
0.425,-0.025,0.35,-0.188535277
0.475,-0.025,0.35,-0.172910481
0.525,-0.025,0.35,-0.160351507
0.575,-0.025,0.35,-0.151613387
0.625,-0.025,0.35,-0.145145302
0.675,-0.025,0.35,-0.140112029
0.725,-0.025,0.35,-0.136210587
0.775,-0.025,0.35,-0.133128987
0.825,-0.025,0.35,-0.130805483
0.875,-0.025,0.35,-0.129211379
0.925,-0.025,0.35,-0.128095825
0.975,-0.025,0.35,-0.127579504
-0.975,0.025,0.35,0.087869266
-0.925,0.025,0.35,0.088152071
-0.875,0.025,0.35,0.089420769
-0.825,0.025,0.35,0.091141891
-0.775,0.025,0.35,0.09319775
-0.725,0.025,0.35,0.09640118
-0.675,0.025,0.35,0.100485209
-0.625,0.025,0.35,0.105586204
-0.575,0.025,0.35,0.112752704
-0.525,0.025,0.35,0.120626826
-0.475,0.025,0.35,0.132879809
-0.425,0.025,0.35,0.148151207
-0.375,0.025,0.35,0.170673068
-0.325,0.025,0.35,0.202827204
-0.275,0.025,0.35,0.253142452
-0.225,0.025,0.35,0.321653323
-0.175,0.025,0.35,0.759999794
-0.125,0.025,0.35,0.759999815
-0.075,0.025,0.35,0.759999823
-0.025,0.025,0.35,0.268138394
0.025,0.025,0.35,-0.306182253
0.075,0.025,0.35,-0.798439558
0.125,0.025,0.35,-0.798439558
0.175,0.025,0.35,-0.798439664
0.225,0.025,0.35,-0.356667296
0.275,0.025,0.35,-0.2908365
0.325,0.025,0.35,-0.239695309
0.375,0.025,0.35,-0.209435744
0.425,0.025,0.35,-0.186767632
0.475,0.025,0.35,-0.173457018
0.525,0.025,0.35,-0.159960935
0.575,0.025,0.35,-0.151788511
0.625,0.025,0.35,-0.145628915
0.675,0.025,0.35,-0.140244867
0.725,0.025,0.35,-0.136145113
0.775,0.025,0.35,-0.133009614
0.825,0.025,0.35,-0.130751719
0.875,0.025,0.35,-0.129105532
0.925,0.025,0.35,-0.127962475
0.975,0.025,0.35,-0.127552207
-0.975,0.075,0.35,0.087331031
-0.925,0.075,0.35,0.087717302
-0.875,0.075,0.35,0.088922459
-0.825,0.075,0.35,0.090375968
-0.775,0.075,0.35,0.092534887
-0.725,0.075,0.35,0.095354994
-0.675,0.075,0.35,0.099165886
-0.625,0.075,0.35,0.103956883
-0.575,0.075,0.35,0.110288039
-0.525,0.075,0.35,0.118322777
-0.475,0.075,0.35,0.129433961
-0.425,0.075,0.35,0.142440567
-0.375,0.075,0.35,0.159858054
-0.325,0.075,0.35,0.183316642
-0.275,0.075,0.35,0.215907699
-0.225,0.075,0.35,0.243818425
-0.175,0.075,0.35,0.382670818
-0.125,0.075,0.35,0.615242522
-0.075,0.075,0.35,0.487660259
-0.025,0.075,0.35,0.163838064
0.025,0.075,0.35,-0.204880527
0.075,0.075,0.35,-0.5145192
0.125,0.075,0.35,-0.662055629
0.175,0.075,0.35,-0.424711072
0.225,0.075,0.35,-0.283936226
0.275,0.075,0.35,-0.255773588
0.325,0.075,0.35,-0.225383372
0.375,0.075,0.35,-0.200022309
0.425,0.075,0.35,-0.182876386
0.475,0.075,0.35,-0.170331369
0.525,0.075,0.35,-0.157624947
0.575,0.075,0.35,-0.149797424
0.625,0.075,0.35,-0.143867205
0.675,0.075,0.35,-0.138915093
0.725,0.075,0.35,-0.135249622
0.775,0.075,0.35,-0.132315268
0.825,0.075,0.35,-0.13022594
0.875,0.075,0.35,-0.128706452
0.925,0.075,0.35,-0.127713012
0.975,0.075,0.35,-0.127081274
-0.975,0.125,0.35,0.0864336
-0.925,0.125,0.35,0.086721657
-0.875,0.125,0.35,0.087770946
-0.825,0.125,0.35,0.089056634
-0.775,0.125,0.35,0.091016532
-0.725,0.125,0.35,0.09365021
-0.675,0.125,0.35,0.097226477
-0.625,0.125,0.35,0.101382823
-0.575,0.125,0.35,0.10636734
-0.525,0.125,0.35,0.113439858
-0.475,0.125,0.35,0.121265481
-0.425,0.125,0.35,0.132175813
-0.375,0.125,0.35,0.145025219
-0.325,0.125,0.35,0.160309768
-0.275,0.125,0.35,0.171444301
-0.225,0.125,0.35,0.177242558
-0.175,0.125,0.35,0.157538633
-0.125,0.125,0.35,0.24417426
-0.075,0.125,0.35,0.239851772
-0.025,0.125,0.35,0.076222964
0.025,0.125,0.35,-0.117738401
0.075,0.125,0.35,-0.254292552
0.125,0.125,0.35,-0.292668601
0.175,0.125,0.35,-0.196784621
0.225,0.125,0.35,-0.215590328
0.275,0.125,0.35,-0.214031886
0.325,0.125,0.35,-0.200477088
0.375,0.125,0.35,-0.183369259
0.425,0.125,0.35,-0.172159114
0.475,0.125,0.35,-0.161568114
0.525,0.125,0.35,-0.152502376
0.575,0.125,0.35,-0.146397498
0.625,0.125,0.35,-0.141197786
0.675,0.125,0.35,-0.137280978
0.725,0.125,0.35,-0.133572057
0.775,0.125,0.35,-0.131041223
0.825,0.125,0.35,-0.128843612
0.875,0.125,0.35,-0.127688582
0.925,0.125,0.35,-0.126553186
0.975,0.125,0.35,-0.126228414
-0.975,0.175,0.35,0.084879914
-0.925,0.175,0.35,0.085169493
-0.875,0.175,0.35,0.086065758
-0.825,0.175,0.35,0.087271835
-0.775,0.175,0.35,0.088892491
-0.725,0.175,0.35,0.091021636
-0.675,0.175,0.35,0.094064278
-0.625,0.175,0.35,0.097186941
-0.575,0.175,0.35,0.10241142
-0.525,0.175,0.35,0.106933701
-0.475,0.175,0.35,0.114130689
-0.425,0.175,0.35,0.119657642
-0.375,0.175,0.35,0.126567925
-0.325,0.175,0.35,0.134867941
-0.275,0.175,0.35,0.136858457
-0.225,0.175,0.35,0.132804237
-0.175,0.175,0.35,0.114514993
-0.125,0.175,0.35,0.083583804
-0.075,0.175,0.35,0.066653946
-0.025,0.175,0.35,0.013484203
0.025,0.175,0.35,-0.056555244
0.075,0.175,0.35,-0.11468953
0.125,0.175,0.35,-0.123713261
0.175,0.175,0.35,-0.155385651
0.225,0.175,0.35,-0.171249998
0.275,0.175,0.35,-0.175870779
0.325,0.175,0.35,-0.175344785
0.375,0.175,0.35,-0.168000472
0.425,0.175,0.35,-0.160559773
0.475,0.175,0.35,-0.152809974
0.525,0.175,0.35,-0.146630601
0.575,0.175,0.35,-0.141544755
0.625,0.175,0.35,-0.137390999
0.675,0.175,0.35,-0.133771814
0.725,0.175,0.35,-0.130999802
0.775,0.175,0.35,-0.128751671
0.825,0.175,0.35,-0.12703367
0.875,0.175,0.35,-0.1259491
0.925,0.175,0.35,-0.125023227
0.975,0.175,0.35,-0.124632621
-0.975,0.225,0.35,0.08314975
-0.925,0.225,0.35,0.083329358
-0.875,0.225,0.35,0.084107428
-0.825,0.225,0.35,0.085141725
-0.775,0.225,0.35,0.086389611
-0.725,0.225,0.35,0.088340616
-0.675,0.225,0.35,0.090367438
-0.625,0.225,0.35,0.092981988
-0.575,0.225,0.35,0.096152723
-0.525,0.225,0.35,0.099549656
-0.475,0.225,0.35,0.104076024
-0.425,0.225,0.35,0.108971265
-0.375,0.225,0.35,0.111568143
-0.325,0.225,0.35,0.112670339
-0.275,0.225,0.35,0.109909426
-0.225,0.225,0.35,0.101566095
-0.175,0.225,0.35,0.084777988
-0.125,0.225,0.35,0.060826947
-0.075,0.225,0.35,0.029909546
-0.025,0.225,0.35,-0.001567003
0.025,0.225,0.35,-0.038153566
0.075,0.225,0.35,-0.072174701
0.125,0.225,0.35,-0.101650393
0.175,0.225,0.35,-0.126056633
0.225,0.225,0.35,-0.141973941
0.275,0.225,0.35,-0.14969916
0.325,0.225,0.35,-0.152055267
0.375,0.225,0.35,-0.150903239
0.425,0.225,0.35,-0.148216882
0.475,0.225,0.35,-0.143507506
0.525,0.225,0.35,-0.139481856
0.575,0.225,0.35,-0.136347607
0.625,0.225,0.35,-0.132429409
0.675,0.225,0.35,-0.130265565
0.725,0.225,0.35,-0.128114467
0.775,0.225,0.35,-0.12624863
0.825,0.225,0.35,-0.124867942
0.875,0.225,0.35,-0.123885878
0.925,0.225,0.35,-0.123271729
0.975,0.225,0.35,-0.122928808
-0.975,0.275,0.35,0.08091871
-0.925,0.275,0.35,0.081171791
-0.875,0.275,0.35,0.081751061
-0.825,0.275,0.35,0.08235877
-0.775,0.275,0.35,0.083380555
-0.725,0.275,0.35,0.084633109
-0.675,0.275,0.35,0.085926578
-0.625,0.275,0.35,0.087913461
-0.575,0.275,0.35,0.089781108
-0.525,0.275,0.35,0.092352126
-0.475,0.275,0.35,0.094550684
-0.425,0.275,0.35,0.094999497
-0.375,0.275,0.35,0.095624945
-0.325,0.275,0.35,0.093797257
-0.275,0.275,0.35,0.089864983
-0.225,0.275,0.35,0.079511022
-0.175,0.275,0.35,0.065230866
-0.125,0.275,0.35,0.043978038
-0.075,0.275,0.35,0.021685931
-0.025,0.275,0.35,-0.005590452
0.025,0.275,0.35,-0.035126236
0.075,0.275,0.35,-0.060283405
0.125,0.275,0.35,-0.085549095
0.175,0.275,0.35,-0.103769721
0.225,0.275,0.35,-0.120418116
0.275,0.275,0.35,-0.12994975
0.325,0.275,0.35,-0.134051607
0.375,0.275,0.35,-0.135565534
0.425,0.275,0.35,-0.135896092
0.475,0.275,0.35,-0.133704133
0.525,0.275,0.35,-0.13206612
0.575,0.275,0.35,-0.129873324
0.625,0.275,0.35,-0.12784264
0.675,0.275,0.35,-0.125978391
0.725,0.275,0.35,-0.124543679
0.775,0.275,0.35,-0.123311206
0.825,0.275,0.35,-0.122265251
0.875,0.275,0.35,-0.121506116
0.925,0.275,0.35,-0.121026809
0.975,0.275,0.35,-0.120760242
-0.975,0.325,0.35,0.078615883
-0.925,0.325,0.35,0.078721676
-0.875,0.325,0.35,0.079014806
-0.825,0.325,0.35,0.079575678
-0.775,0.325,0.35,0.080075037
-0.725,0.325,0.35,0.080958923
-0.675,0.325,0.35,0.081991831
-0.625,0.325,0.35,0.082912628
-0.575,0.325,0.35,0.083994914
-0.525,0.325,0.35,0.084707324
-0.475,0.325,0.35,0.084860925
-0.425,0.325,0.35,0.084611377
-0.375,0.325,0.35,0.08288443
-0.325,0.325,0.35,0.079894187
-0.275,0.325,0.35,0.073421993
-0.225,0.325,0.35,0.063405905
-0.175,0.325,0.35,0.051036927
-0.125,0.325,0.35,0.035408257
-0.075,0.325,0.35,0.013565091
-0.025,0.325,0.35,-0.00798417
0.025,0.325,0.35,-0.031511826
0.075,0.325,0.35,-0.05387922
0.125,0.325,0.35,-0.07210895
0.175,0.325,0.35,-0.089109594
0.225,0.325,0.35,-0.103577119
0.275,0.325,0.35,-0.113425057
0.325,0.325,0.35,-0.119291698
0.375,0.325,0.35,-0.122822762
0.425,0.325,0.35,-0.124111783
0.475,0.325,0.35,-0.125145716
0.525,0.325,0.35,-0.124632596
0.575,0.325,0.35,-0.123608933
0.625,0.325,0.35,-0.122926649
0.675,0.325,0.35,-0.12160437
0.725,0.325,0.35,-0.120927158
0.775,0.325,0.35,-0.119980554
0.825,0.325,0.35,-0.119366987
0.875,0.325,0.35,-0.118887658
0.925,0.325,0.35,-0.118588987
0.975,0.325,0.35,-0.118456143
-0.975,0.375,0.35,0.076008925
-0.925,0.375,0.35,0.076105032
-0.875,0.375,0.35,0.07630481
-0.825,0.375,0.35,0.07650436
-0.775,0.375,0.35,0.076821637
-0.725,0.375,0.35,0.077219566
-0.675,0.375,0.35,0.077295956
-0.625,0.375,0.35,0.077882854
-0.575,0.375,0.35,0.077902991
-0.525,0.375,0.35,0.077508903
-0.475,0.375,0.35,0.076871905
-0.425,0.375,0.35,0.075581082
-0.375,0.375,0.35,0.071875919
-0.325,0.375,0.35,0.067290998
-0.275,0.375,0.35,0.061022515
-0.225,0.375,0.35,0.050998177
-0.175,0.375,0.35,0.039288284
-0.125,0.375,0.35,0.02450488
-0.075,0.375,0.35,0.008014088
-0.025,0.375,0.35,-0.011009356
0.025,0.375,0.35,-0.02952115
0.075,0.375,0.35,-0.048821648
0.125,0.375,0.35,-0.064271308
0.175,0.375,0.35,-0.078600338
0.225,0.375,0.35,-0.091619569
0.275,0.375,0.35,-0.100735253
0.325,0.375,0.35,-0.107890462
0.375,0.375,0.35,-0.111673694
0.425,0.375,0.35,-0.115395493
0.475,0.375,0.35,-0.116824178
0.525,0.375,0.35,-0.117219112
0.575,0.375,0.35,-0.117442642
0.625,0.375,0.35,-0.117747061
0.675,0.375,0.35,-0.117269459
0.725,0.375,0.35,-0.117093994
0.775,0.375,0.35,-0.116684647
0.825,0.375,0.35,-0.116263986
0.875,0.375,0.35,-0.116138098
0.925,0.375,0.35,-0.115951872
0.975,0.375,0.35,-0.115877418
-0.975,0.425,0.35,0.073399838
-0.925,0.425,0.35,0.073407661
-0.875,0.425,0.35,0.073465029
-0.825,0.425,0.35,0.073456716
-0.775,0.425,0.35,0.073475461
-0.725,0.425,0.35,0.073541297
-0.675,0.425,0.35,0.073291905
-0.625,0.425,0.35,0.072755785
-0.575,0.425,0.35,0.072166203
-0.525,0.425,0.35,0.070840388
-0.475,0.425,0.35,0.069062101
-0.425,0.425,0.35,0.066436489
-0.375,0.425,0.35,0.062803798
-0.325,0.425,0.35,0.058202435
-0.275,0.425,0.35,0.050401742
-0.225,0.425,0.35,0.041292644
-0.175,0.425,0.35,0.030749759
-0.125,0.425,0.35,0.017786354
-0.075,0.425,0.35,0.003273146
-0.025,0.425,0.35,-0.011669994
0.025,0.425,0.35,-0.027806198
0.075,0.425,0.35,-0.043338444
0.125,0.425,0.35,-0.057618202
0.175,0.425,0.35,-0.071084009
0.225,0.425,0.35,-0.081609777
0.275,0.425,0.35,-0.090802151
0.325,0.425,0.35,-0.097521728
0.375,0.425,0.35,-0.102656344
0.425,0.425,0.35,-0.106303847
0.475,0.425,0.35,-0.109328141
0.525,0.425,0.35,-0.110781681
0.575,0.425,0.35,-0.112020071
0.625,0.425,0.35,-0.11260945
0.675,0.425,0.35,-0.113097779
0.725,0.425,0.35,-0.113178519
0.775,0.425,0.35,-0.113226699
0.825,0.425,0.35,-0.113265523
0.875,0.425,0.35,-0.113258013
0.925,0.425,0.35,-0.113259179
0.975,0.425,0.35,-0.113261773
-0.975,0.475,0.35,0.070775829
-0.925,0.475,0.35,0.070672636
-0.875,0.475,0.35,0.070554914
-0.825,0.475,0.35,0.070395894
-0.775,0.475,0.35,0.070122367
-0.725,0.475,0.35,0.069620238
-0.675,0.475,0.35,0.069001474
-0.625,0.475,0.35,0.068348717
-0.575,0.475,0.35,0.06703697
-0.525,0.475,0.35,0.065113905
-0.475,0.475,0.35,0.062769249
-0.425,0.475,0.35,0.05956414
-0.375,0.475,0.35,0.055159229
-0.325,0.475,0.35,0.049692786
-0.275,0.475,0.35,0.042295342
-0.225,0.475,0.35,0.034474287
-0.175,0.475,0.35,0.024127679
-0.125,0.475,0.35,0.012490368
-0.075,0.475,0.35,3.42E-04
-0.025,0.475,0.35,-0.013400884
0.025,0.475,0.35,-0.026340422
0.075,0.475,0.35,-0.040001167
0.125,0.475,0.35,-0.053019161
0.175,0.475,0.35,-0.063908248
0.225,0.475,0.35,-0.074223451
0.275,0.475,0.35,-0.082578433
0.325,0.475,0.35,-0.089552958
0.375,0.475,0.35,-0.095111353
0.425,0.475,0.35,-0.099451605
0.475,0.475,0.35,-0.102486743
0.525,0.475,0.35,-0.104801241
0.575,0.475,0.35,-0.10642595
0.625,0.475,0.35,-0.107985886
0.675,0.475,0.35,-0.108916705
0.725,0.475,0.35,-0.109488
0.775,0.475,0.35,-0.109884135
0.825,0.475,0.35,-0.110219418
0.875,0.475,0.35,-0.110459933
0.925,0.475,0.35,-0.110570792
0.975,0.475,0.35,-0.110591748
-0.975,0.525,0.35,0.068190776
-0.925,0.525,0.35,0.068031496
-0.875,0.525,0.35,0.067852885
-0.825,0.525,0.35,0.067463667
-0.775,0.525,0.35,0.067026093
-0.725,0.525,0.35,0.066141432
-0.675,0.525,0.35,0.065043632
-0.625,0.525,0.35,0.063791298
-0.575,0.525,0.35,0.062096615
-0.525,0.525,0.35,0.059893941
-0.475,0.525,0.35,0.057008358
-0.425,0.525,0.35,0.053171418
-0.375,0.525,0.35,0.04883596
-0.325,0.525,0.35,0.04289996
-0.275,0.525,0.35,0.03634911
-0.225,0.525,0.35,0.02828145
-0.175,0.525,0.35,0.018798161
-0.125,0.525,0.35,0.008771314
-0.075,0.525,0.35,-0.002039766
-0.025,0.525,0.35,-0.014010379
0.025,0.525,0.35,-0.025750764
0.075,0.525,0.35,-0.037507746
0.125,0.525,0.35,-0.048479348
0.175,0.525,0.35,-0.058965018
0.225,0.525,0.35,-0.068350519
0.275,0.525,0.35,-0.075913608
0.325,0.525,0.35,-0.08316363
0.375,0.525,0.35,-0.088704538
0.425,0.525,0.35,-0.093121481
0.475,0.525,0.35,-0.096776004
0.525,0.525,0.35,-0.099897051
0.575,0.525,0.35,-0.101793664
0.625,0.525,0.35,-0.103599086
0.675,0.525,0.35,-0.104984586
0.725,0.525,0.35,-0.106057961
0.775,0.525,0.35,-0.10674512
0.825,0.525,0.35,-0.107353702
0.875,0.525,0.35,-0.107665193
0.925,0.525,0.35,-0.107900482
0.975,0.525,0.35,-0.108037973
-0.975,0.575,0.35,0.06569911
-0.925,0.575,0.35,0.065552379
-0.875,0.575,0.35,0.065152244
-0.825,0.575,0.35,0.064636229
-0.775,0.575,0.35,0.063948016
-0.725,0.575,0.35,0.06291924
-0.675,0.575,0.35,0.061702986
-0.625,0.575,0.35,0.059934419
-0.575,0.575,0.35,0.057979033
-0.525,0.575,0.35,0.055420853
-0.475,0.575,0.35,0.052054053
-0.425,0.575,0.35,0.048325767
-0.375,0.575,0.35,0.043871278
-0.325,0.575,0.35,0.037900015
-0.275,0.575,0.35,0.031056189
-0.225,0.575,0.35,0.023516693
-0.175,0.575,0.35,0.014984072
-0.125,0.575,0.35,0.005636152
-0.075,0.575,0.35,-0.004397234
-0.025,0.575,0.35,-0.014411505
0.025,0.575,0.35,-0.025283219
0.075,0.575,0.35,-0.035737965
0.125,0.575,0.35,-0.045405614
0.175,0.575,0.35,-0.054981048
0.225,0.575,0.35,-0.063443131
0.275,0.575,0.35,-0.071009577
0.325,0.575,0.35,-0.077571834
0.375,0.575,0.35,-0.083370776
0.425,0.575,0.35,-0.088044644
0.475,0.575,0.35,-0.092050853
0.525,0.575,0.35,-0.095269574
0.575,0.575,0.35,-0.097830982
0.625,0.575,0.35,-0.099890647
0.675,0.575,0.35,-0.101460661
0.725,0.575,0.35,-0.102773495
0.775,0.575,0.35,-0.103734849
0.825,0.575,0.35,-0.104530712
0.875,0.575,0.35,-0.105109607
0.925,0.575,0.35,-0.105414661
0.975,0.575,0.35,-0.105531296
-0.975,0.625,0.35,0.063401719
-0.925,0.625,0.35,0.063139877
-0.875,0.625,0.35,0.062799586
-0.825,0.625,0.35,0.062081973
-0.775,0.625,0.35,0.061229102
-0.725,0.625,0.35,0.05995527
-0.675,0.625,0.35,0.058588433
-0.625,0.625,0.35,0.056596879
-0.575,0.625,0.35,0.054112231
-0.525,0.625,0.35,0.051419832
-0.475,0.625,0.35,0.047950459
-0.425,0.625,0.35,0.043610266
-0.375,0.625,0.35,0.039150164
-0.325,0.625,0.35,0.033410974
-0.275,0.625,0.35,0.026952597
-0.225,0.625,0.35,0.020054815
-0.175,0.625,0.35,0.011729159
-0.125,0.625,0.35,0.003225887
-0.075,0.625,0.35,-0.005666324
-0.025,0.625,0.35,-0.015146337
0.025,0.625,0.35,-0.024672836
0.075,0.625,0.35,-0.033977336
0.125,0.625,0.35,-0.043134377
0.175,0.625,0.35,-0.051547175
0.225,0.625,0.35,-0.059651019
0.275,0.625,0.35,-0.06700802
0.325,0.625,0.35,-0.073483137
0.375,0.625,0.35,-0.079031672
0.425,0.625,0.35,-0.083900024
0.475,0.625,0.35,-0.08781669
0.525,0.625,0.35,-0.091077631
0.575,0.625,0.35,-0.094154704
0.625,0.625,0.35,-0.096445628
0.675,0.625,0.35,-0.098257182
0.725,0.625,0.35,-0.099924418
0.775,0.625,0.35,-0.10113524
0.825,0.625,0.35,-0.101983894
0.875,0.625,0.35,-0.102574639
0.925,0.625,0.35,-0.102987707
0.975,0.625,0.35,-0.103244931
-0.975,0.675,0.35,0.061259251
-0.925,0.675,0.35,0.061066727
-0.875,0.675,0.35,0.060529469
-0.825,0.675,0.35,0.059827867
-0.775,0.675,0.35,0.058778185
-0.725,0.675,0.35,0.057385876
-0.675,0.675,0.35,0.055630043
-0.625,0.675,0.35,0.053457807
-0.575,0.675,0.35,0.051126281
-0.525,0.675,0.35,0.048053099
-0.475,0.675,0.35,0.044469743
-0.425,0.675,0.35,0.040254041
-0.375,0.675,0.35,0.035486397
-0.325,0.675,0.35,0.029837849
-0.275,0.675,0.35,0.023861998
-0.225,0.675,0.35,0.017020383
-0.175,0.675,0.35,0.009505535
-0.125,0.675,0.35,0.001472466
-0.075,0.675,0.35,-0.006917832
-0.025,0.675,0.35,-0.015746078
0.025,0.675,0.35,-0.024243826
0.075,0.675,0.35,-0.032988369
0.125,0.675,0.35,-0.041364761
0.175,0.675,0.35,-0.04934736
0.225,0.675,0.35,-0.05694615
0.275,0.675,0.35,-0.063605488
0.325,0.675,0.35,-0.069951535
0.375,0.675,0.35,-0.075178083
0.425,0.675,0.35,-0.080076034
0.475,0.675,0.35,-0.08440928
0.525,0.675,0.35,-0.087879176
0.575,0.675,0.35,-0.091080059
0.625,0.675,0.35,-0.093434222
0.675,0.675,0.35,-0.095542525
0.725,0.675,0.35,-0.097324278
0.775,0.675,0.35,-0.098541214
0.825,0.675,0.35,-0.099542622
0.875,0.675,0.35,-0.100450758
0.925,0.675,0.35,-0.100991726
0.975,0.675,0.35,-0.101139405
-0.975,0.725,0.35,0.059412003
-0.925,0.725,0.35,0.059090911
-0.875,0.725,0.35,0.058527721
-0.825,0.725,0.35,0.057772761
-0.775,0.725,0.35,0.056585427
-0.725,0.725,0.35,0.055079789
-0.675,0.725,0.35,0.053230593
-0.625,0.725,0.35,0.050894953
-0.575,0.725,0.35,0.048354734
-0.525,0.725,0.35,0.045186742
-0.475,0.725,0.35,0.041468065
-0.425,0.725,0.35,0.037207744
-0.375,0.725,0.35,0.03246283
-0.325,0.725,0.35,0.027060539
-0.275,0.725,0.35,0.020998306
-0.225,0.725,0.35,0.014558402
-0.175,0.725,0.35,0.007510352
-0.125,0.725,0.35,-8.62E-05
-0.075,0.725,0.35,-0.007860918
-0.025,0.725,0.35,-0.015936239
0.025,0.725,0.35,-0.023927174
0.075,0.725,0.35,-0.032083684
0.125,0.725,0.35,-0.039737053
0.175,0.725,0.35,-0.047334935
0.225,0.725,0.35,-0.054439914
0.275,0.725,0.35,-0.060906892
0.325,0.725,0.35,-0.067049295
0.375,0.725,0.35,-0.072316423
0.425,0.725,0.35,-0.077266604
0.475,0.725,0.35,-0.081482881
0.525,0.725,0.35,-0.085060495
0.575,0.725,0.35,-0.088341427
0.625,0.725,0.35,-0.090901909
0.675,0.725,0.35,-0.093134374
0.725,0.725,0.35,-0.094991003
0.775,0.725,0.35,-0.096538783
0.825,0.725,0.35,-0.097599692
0.875,0.725,0.35,-0.098449522
0.925,0.725,0.35,-0.098953953
0.975,0.725,0.35,-0.099254429
-0.975,0.775,0.35,0.057847964
-0.925,0.775,0.35,0.057596109
-0.875,0.775,0.35,0.056950542
-0.825,0.775,0.35,0.055963747
-0.775,0.775,0.35,0.054838149
-0.725,0.775,0.35,0.053310893
-0.675,0.775,0.35,0.051329743
-0.625,0.775,0.35,0.04894127
-0.575,0.775,0.35,0.04617389
-0.525,0.775,0.35,0.042882776
-0.475,0.775,0.35,0.039149076
-0.425,0.775,0.35,0.034881592
-0.375,0.775,0.35,0.03008987
-0.325,0.775,0.35,0.024877805
-0.275,0.775,0.35,0.019151964
-0.225,0.775,0.35,0.012839438
-0.175,0.775,0.35,0.005839957
-0.125,0.775,0.35,-0.001066347
-0.075,0.775,0.35,-0.008746213
-0.025,0.775,0.35,-0.016135503
0.025,0.775,0.35,-0.023753182
0.075,0.775,0.35,-0.031311654
0.125,0.775,0.35,-0.038631481
0.175,0.775,0.35,-0.045918713
0.225,0.775,0.35,-0.052696117
0.275,0.775,0.35,-0.058861753
0.325,0.775,0.35,-0.064802617
0.375,0.775,0.35,-0.070065552
0.425,0.775,0.35,-0.075103992
0.475,0.775,0.35,-0.079150488
0.525,0.775,0.35,-0.082899669
0.575,0.775,0.35,-0.08601155
0.625,0.775,0.35,-0.088754837
0.675,0.775,0.35,-0.091070198
0.725,0.775,0.35,-0.092943031
0.775,0.775,0.35,-0.094640782
0.825,0.775,0.35,-0.095909481
0.875,0.775,0.35,-0.09676487
0.925,0.775,0.35,-0.09737361
0.975,0.775,0.35,-0.097684364
-0.975,0.825,0.35,0.056439277
-0.925,0.825,0.35,0.056188151
-0.875,0.825,0.35,0.055580156
-0.825,0.825,0.35,0.054641976
-0.775,0.825,0.35,0.053222981
-0.725,0.825,0.35,0.051772785
-0.675,0.825,0.35,0.049650782
-0.625,0.825,0.35,0.047230965
-0.575,0.825,0.35,0.044315768
-0.525,0.825,0.35,0.041041999
-0.475,0.825,0.35,0.037329744
-0.425,0.825,0.35,0.033056488
-0.375,0.825,0.35,0.028204111
-0.325,0.825,0.35,0.023255444
-0.275,0.825,0.35,0.017424839
-0.225,0.825,0.35,0.011420785
-0.175,0.825,0.35,0.004881915
-0.125,0.825,0.35,-0.002018262
-0.075,0.825,0.35,-0.009062538
-0.025,0.825,0.35,-0.016259706
0.025,0.825,0.35,-0.023585588
0.075,0.825,0.35,-0.030797001
0.125,0.825,0.35,-0.037818681
0.175,0.825,0.35,-0.044677146
0.225,0.825,0.35,-0.051225325
0.275,0.825,0.35,-0.057371888
0.325,0.825,0.35,-0.062940027
0.375,0.825,0.35,-0.06814373
0.425,0.825,0.35,-0.073000673
0.475,0.825,0.35,-0.077195571
0.525,0.825,0.35,-0.081048491
0.575,0.825,0.35,-0.084237153
0.625,0.825,0.35,-0.087098548
0.675,0.825,0.35,-0.089499248
0.725,0.825,0.35,-0.091556764
0.775,0.825,0.35,-0.093327095
0.825,0.825,0.35,-0.094480388
0.875,0.825,0.35,-0.095476085
0.925,0.825,0.35,-0.096165282
0.975,0.825,0.35,-0.096348041
-0.975,0.875,0.35,0.055612732
-0.925,0.875,0.35,0.055248307
-0.875,0.875,0.35,0.054607583
-0.825,0.875,0.35,0.053539692
-0.775,0.875,0.35,0.052260982
-0.725,0.875,0.35,0.050539903
-0.675,0.875,0.35,0.048492812
-0.625,0.875,0.35,0.045995614
-0.575,0.875,0.35,0.043136913
-0.525,0.875,0.35,0.039775435
-0.475,0.875,0.35,0.035968381
-0.425,0.875,0.35,0.031821773
-0.375,0.875,0.35,0.027089693
-0.325,0.875,0.35,0.021852552
-0.275,0.875,0.35,0.016298217
-0.225,0.875,0.35,0.01050266
-0.175,0.875,0.35,0.004094363
-0.125,0.875,0.35,-0.002679166
-0.075,0.875,0.35,-0.009456009
-0.025,0.875,0.35,-0.016455759
0.025,0.875,0.35,-0.023445277
0.075,0.875,0.35,-0.03039076
0.125,0.875,0.35,-0.037288811
0.175,0.875,0.35,-0.043783511
0.225,0.875,0.35,-0.050227749
0.275,0.875,0.35,-0.056215826
0.325,0.875,0.35,-0.061819313
0.375,0.875,0.35,-0.067073974
0.425,0.875,0.35,-0.071641322
0.475,0.875,0.35,-0.076003729
0.525,0.875,0.35,-0.079729305
0.575,0.875,0.35,-0.08300932
0.625,0.875,0.35,-0.085822996
0.675,0.875,0.35,-0.088398231
0.725,0.875,0.35,-0.090518702
0.775,0.875,0.35,-0.092145962
0.825,0.875,0.35,-0.093442932
0.875,0.875,0.35,-0.094431404
0.925,0.875,0.35,-0.095172241
0.975,0.875,0.35,-0.095427519
-0.975,0.925,0.35,0.054862582
-0.925,0.925,0.35,0.054548775
-0.875,0.925,0.35,0.05387316
-0.825,0.925,0.35,0.052878757
-0.775,0.925,0.35,0.051553676
-0.725,0.925,0.35,0.049805752
-0.675,0.925,0.35,0.047668146
-0.625,0.925,0.35,0.045199025
-0.575,0.925,0.35,0.04218313
-0.525,0.925,0.35,0.038839891
-0.475,0.925,0.35,0.035081733
-0.425,0.925,0.35,0.030802739
-0.375,0.925,0.35,0.026197636
-0.325,0.925,0.35,0.021046282
-0.275,0.925,0.35,0.015513053
-0.225,0.925,0.35,0.009655845
-0.175,0.925,0.35,0.0034977
-0.125,0.925,0.35,-0.003076195
-0.075,0.925,0.35,-0.009745305
-0.025,0.925,0.35,-0.01649716
0.025,0.925,0.35,-0.023346266
0.075,0.925,0.35,-0.030158706
0.125,0.925,0.35,-0.036766056
0.175,0.925,0.35,-0.043319942
0.225,0.925,0.35,-0.049666732
0.275,0.925,0.35,-0.055375771
0.325,0.925,0.35,-0.06087611
0.375,0.925,0.35,-0.066034887
0.425,0.925,0.35,-0.070583973
0.475,0.925,0.35,-0.074995233
0.525,0.925,0.35,-0.078742452
0.575,0.925,0.35,-0.082115276
0.625,0.925,0.35,-0.085021534
0.675,0.925,0.35,-0.087587927
0.725,0.925,0.35,-0.089705717
0.775,0.925,0.35,-0.091357149
0.825,0.925,0.35,-0.092657439
0.875,0.925,0.35,-0.0936493
0.925,0.925,0.35,-0.094409913
0.975,0.925,0.35,-0.094668576
-0.975,0.975,0.35,0.054564703
-0.925,0.975,0.35,0.054247295
-0.875,0.975,0.35,0.053517247
-0.825,0.975,0.35,0.052596916
-0.775,0.975,0.35,0.05111679
-0.725,0.975,0.35,0.049354193
-0.675,0.975,0.35,0.04727133
-0.625,0.975,0.35,0.044770569
-0.575,0.975,0.35,0.041801445
-0.525,0.975,0.35,0.03846177
-0.475,0.975,0.35,0.034640297
-0.425,0.975,0.35,0.030406424
-0.375,0.975,0.35,0.025711458
-0.325,0.975,0.35,0.020825184
-0.275,0.975,0.35,0.015120744
-0.225,0.975,0.35,0.009409297
-0.175,0.975,0.35,0.00316823
-0.125,0.975,0.35,-0.003199605
-0.075,0.975,0.35,-0.009848282
-0.025,0.975,0.35,-0.016541846
0.025,0.975,0.35,-0.023311024
0.075,0.975,0.35,-0.030003998
0.125,0.975,0.35,-0.036666405
0.175,0.975,0.35,-0.042997241
0.225,0.975,0.35,-0.049318118
0.275,0.975,0.35,-0.054979494
0.325,0.975,0.35,-0.060601142
0.375,0.975,0.35,-0.065555719
0.425,0.975,0.35,-0.070280668
0.475,0.975,0.35,-0.074456032
0.525,0.975,0.35,-0.078399497
0.575,0.975,0.35,-0.08168732
0.625,0.975,0.35,-0.0845688
0.675,0.975,0.35,-0.087234018
0.725,0.975,0.35,-0.089277746
0.775,0.975,0.35,-0.091056703
0.825,0.975,0.35,-0.092434008
0.875,0.975,0.35,-0.093379625
0.925,0.975,0.35,-0.094118355
0.975,0.975,0.35,-0.094395289
